correct_word	non_word	len	space_or_hyphen	levenshtein	real_word_error
Apennines	Apenines	8	False	1	False
Apennines	Appenines	9	False	2	False
Athenian	Athenean	8	False	1	False
Athenians	Atheneans	9	False	1	False
Bernoulli	Bernouilli	10	False	1	False
Blitzkrieg	Blitzkreig	10	False	2	False
Brazilian	Brasillian	10	False	2	False
Britain	Britian	7	False	2	False
British	Brittish	8	False	1	False
Caesar	Ceasar	6	False	2	False
Cambridge	Cambrige	8	False	1	False
Caracas	carcas	6	False	2	False
Caribbean	Carribean	9	False	2	False
Carthaginian	Carthagian	10	False	2	False
Catalina	Cataline	8	False	1	False
Catiline	Cataline	8	False	1	False
Celsius	Celcius	7	False	1	False
Champagne	Champange	9	False	2	False
Connecticut	Conneticut	10	False	1	False
Cypriot	Cyprian	7	False	2	True
Ellis	eles	4	False	3	False
English	Enlish	6	False	1	False
European	Europian	8	False	1	False
European	Eurpean	7	False	1	False
European	Eurpoean	8	False	2	False
Europeans	Europians	9	False	1	False
February	febuary	7	False	2	False
Flemish	Flemmish	8	False	1	False
Franciscan	Fransiscan	10	False	1	False
Franciscans	Fransiscans	11	False	1	False
Gael	gae	3	False	2	False
Galatians	Galations	9	False	1	False
Gandhi	Ghandi	6	False	2	False
Gauguin	gogin	5	False	4	False
Guatemala	Guatamala	9	False	1	False
Guatemalan	Guatamalan	10	False	1	False
Guinness	Guiness	7	False	1	False
Israelis	Israelies	9	False	1	False
Ithaca	Ihaca	5	False	1	False
Jacques	Jaques	6	False	1	False
Japanese	Japanes	7	False	1	False
Joseph	Jospeh	6	False	2	False
Judaism	Juadaism	8	False	1	False
Judaism	Juadism	7	False	2	False
Libya	Lybia	5	False	2	False
Malcolm	Malcom	6	False	1	False
Maltese	maltesian	9	False	4	False
Mara Liasson	liason	6	True	7	False
Massachusetts	Massachussets	13	False	2	False
Massachusetts	Massachussetts	14	False	1	False
Mediterranean	Mediteranean	12	False	1	False
Michigan	Michagan	8	False	1	False
Miranda	meranda	7	False	2	False
Mississippi	Missisipi	9	False	2	False
Mississippi	Missisippi	10	False	1	False
Missouri	Misouri	7	False	1	False
Muslim	Mohammedan	10	False	8	True
Muslim	Muhammadan	10	False	7	True
Muslims	Mohammedans	11	False	8	True
Nazareth	Nazereth	8	False	1	False
New Yorker	Newyorker	9	True	2	False
Newfoundland	Foundland	9	False	4	False
Nuremberg	Nuremburg	9	False	1	False
Orignal	orginal	7	False	3	False
Palestinian	Palistian	9	False	3	False
Palestinian	Palistinian	11	False	1	False
Philippine	Phillipine	10	False	2	False
Philippines	Philipines	10	False	1	False
Philippines	Phillipines	11	False	2	False
Philippines	Phillippines	12	False	1	False
Portuguese	Portugese	9	False	1	False
Puccini	Pucini	6	False	1	False
Rockefeller	Rockerfeller	12	False	1	False
Russian	Russion	7	False	1	False
Russian	russina	7	False	3	False
Saturday	Saterday	8	False	1	False
Saturdays	Saterdays	9	False	1	False
Sistine	Sixtin	6	False	2	False
Spanish	spainish	8	False	2	False
Tim	tiem	4	False	2	False
Ukrainian	Ukranian	8	False	1	False
Valletta	Valetta	7	False	1	False
Wednesday	wendsay	7	False	4	False
Wednesday	wensday	7	False	3	False
Zionist	Sionist	7	False	1	False
Zionists	Sionists	8	False	1	False
a lot	alot	4	True	1	False
abandon	abondon	7	False	1	False
abandoned	abondoned	9	False	1	False
abandoning	abondoning	10	False	1	False
abandons	abondons	8	False	1	False
aberration	aberation	9	False	1	False
about	baout	5	False	2	False
about	boaut	5	False	2	False
absence	absense	7	False	1	False
absorbed	asorbed	7	False	1	False
absorption	absorbsion	10	False	2	False
absorption	absorbtion	10	False	1	False
abuts	abutts	6	False	1	False
acceptable	acceptible	10	False	1	False
accessible	accessable	10	False	1	False
accession	accension	9	False	1	False
accidentally	accidently	10	False	2	False
acclimatization	acclimitization	15	False	1	False
accommodate	accomadate	10	False	2	False
accommodate	accomodate	10	False	1	False
accommodated	accomadated	11	False	2	False
accommodated	accomodated	11	False	1	False
accommodates	accomadates	11	False	2	False
accommodates	accomodates	11	False	1	False
accommodating	accomadating	12	False	2	False
accommodating	accomodating	12	False	1	False
accommodation	accomadation	12	False	2	False
accommodation	accomodation	12	False	1	False
accommodations	accomodations	13	False	1	False
accompanied	accompanyed	11	False	1	False
accomplish	acomplish	9	False	1	False
accomplished	acomplished	11	False	1	False
accomplishment	acomplishment	13	False	1	False
accomplishments	acomplishments	14	False	1	False
according	acording	8	False	1	False
accuracy	acuracy	7	False	1	False
accused	accussed	8	False	1	False
accustom	acustom	7	False	1	False
accustomed	acustommed	10	False	2	False
achieve	acheive	7	False	2	False
achieve	achive	6	False	1	False
achieved	acheived	8	False	2	False
achieved	achived	7	False	1	False
achievement	acheivement	11	False	2	False
achievement	acheivment	10	False	3	False
achievement	achievment	10	False	1	False
achievements	acheivements	12	False	2	False
achievements	acheivments	11	False	3	False
achievements	achievments	11	False	1	False
achieves	acheives	8	False	2	False
achieving	acheiving	9	False	2	False
acquaintance	acquaintence	12	False	1	False
acquaintance	acquiantence	12	False	3	False
acquaintance	aquaintance	11	False	1	False
acquaintance	aquiantance	11	False	3	False
acquaintances	acquaintences	13	False	1	False
acquaintances	acquiantences	13	False	3	False
acquainted	aquainted	9	False	1	False
acquire	adquire	7	False	1	False
acquire	aquire	6	False	1	False
acquired	adquired	8	False	1	False
acquired	aquired	7	False	1	False
acquires	adquires	8	False	1	False
acquiring	adquiring	9	False	1	False
acquiring	aquiring	8	False	1	False
acquisition	aquisition	10	False	1	False
acquitted	acquited	8	False	1	False
acquitted	aquitted	8	False	1	False
across	accross	7	False	1	False
actually	actualy	7	False	1	False
adaptation	adaption	8	False	2	True
adaptations	adaptions	9	False	2	True
adders	addres	6	False	2	False
additionally	additinally	11	False	1	False
address	addres	6	False	1	False
address	adres	5	False	2	False
address	adress	6	False	1	False
addressable	addresable	10	False	1	False
addressable	adresable	9	False	2	False
addressable	adressable	10	False	1	False
addressing	addresing	9	False	1	False
addressing	adresing	8	False	2	False
addressing	adressing	9	False	1	False
adequate	adecuate	8	False	1	False
adhering	adhearing	9	False	1	False
administrate	adminstrate	11	False	1	False
administration	adminstration	13	False	1	False
administrative	adminstrative	13	False	1	False
admissibility	admissability	13	False	1	False
admissible	admissable	10	False	1	False
admission	addmission	10	False	1	False
adolescent	adolecent	9	False	1	False
adopt	addopt	6	False	1	False
adopted	addopted	8	False	1	False
adoptive	addoptive	9	False	1	False
advertisement	advertisment	12	False	1	False
advertisements	advertisments	13	False	1	False
advice	adviced	7	False	1	False
advised	adviced	7	False	1	False
aerial	aeriel	6	False	1	False
aerials	aeriels	7	False	1	False
afford	affort	6	False	1	False
afford	efford	6	False	1	False
affords	effords	7	False	1	False
aficionado	afficionado	11	False	1	False
aficionados	afficionados	12	False	1	False
again	agian	5	False	2	False
again	agina	5	False	2	False
aggravate	agravate	8	False	1	False
aggregate	agregate	8	False	1	False
aggregates	agregates	9	False	1	False
aggression	agression	9	False	1	False
aggressive	agressive	9	False	1	False
aggressively	agressively	11	False	1	False
aggrieved	agrieved	8	False	1	False
agree	agre	4	False	1	False
agreed	agred	5	False	1	False
agreeing	agreing	7	False	1	False
agreement	aggreement	10	False	1	False
agriculturist	agriculturalist	15	False	2	True
airborne	airbourne	9	False	1	False
airports	airporta	8	False	1	False
alcohol	alchohol	8	False	1	False
alcoholic	alcoholical	11	False	2	False
algebraic	algebraical	11	False	2	False
algorithm	algoritm	8	False	1	False
algorithms	algoritms	9	False	1	False
allege	alege	5	False	1	False
allege	alledge	7	False	1	False
alleged	aleged	6	False	1	False
alleged	alledged	8	False	1	False
alleges	alledges	8	False	1	False
allegiance	alegience	9	False	2	False
allegiance	allegience	10	False	1	False
alleviate	alliviate	9	False	1	False
allophone	allopone	8	False	1	False
allophones	allopones	9	False	1	False
allot	alot	4	False	1	False
allotted	alotted	7	False	1	False
allusion	alusion	7	False	1	False
almost	almsot	6	False	2	False
almost	alomst	6	False	2	False
already	alreayd	7	False	2	False
also	alsot	5	False	1	False
also	aslo	4	False	2	False
although	altho	5	False	3	False
although	althought	9	False	1	False
although	altough	7	False	1	False
always	alwasy	6	False	2	False
always	alwyas	6	False	2	False
amateur	amature	7	False	2	False
amend	ammend	6	False	1	False
amendment	admendment	10	False	1	False
amendment	amendmant	9	False	1	False
amendment	ammendment	10	False	1	False
among	amoung	6	False	1	False
anal	anual	5	False	1	False
analogous	analagous	9	False	1	False
analogous	analogeous	10	False	1	False
analytic	analitic	8	False	1	False
and	anbd	4	False	1	False
androgynous	androgenous	11	False	1	False
androgyny	androgeny	9	False	1	False
angina	agina	5	False	1	False
annihilation	anihilation	11	False	1	False
announced	anounced	8	False	1	False
annual	anual	5	False	1	False
annulled	annuled	7	False	1	False
anoint	annoint	7	False	1	False
anointed	annointed	9	False	1	False
anointing	annointing	10	False	1	False
anoints	annoints	8	False	1	False
anomalies	anomolies	9	False	1	False
anomalous	anomolous	9	False	1	False
anomaly	anomoly	7	False	1	False
anonymity	anonimity	9	False	1	False
anything	anytying	8	False	1	False
anywhere	anyhwere	8	False	2	False
apart	appart	6	False	1	False
apartment	appartment	10	False	1	False
apartments	appartments	11	False	1	False
apologetics	apolegetics	11	False	1	False
apologies	appologies	10	False	1	False
apology	appology	8	False	1	False
appalling	appealling	10	False	1	False
apparent	aparent	7	False	1	False
apparent	apparant	8	False	1	False
appealing	appealling	10	False	1	False
appearance	appearence	10	False	1	False
appearances	appearences	11	False	1	False
application	aplication	10	False	1	False
appreciate	apprieciate	11	False	1	False
approaches	approachs	9	False	1	False
appropriate	appropiate	10	False	1	False
approximately	approximitely	13	False	1	False
approximately	aproximately	12	False	1	False
apron	apon	4	False	1	False
arbitrarily	arbitarily	10	False	1	False
arbitrary	arbitary	8	False	1	False
archaeologist	archeaologist	13	False	2	False
archaeologists	archeaologists	14	False	2	False
archaeology	archaoelogy	11	False	2	False
archaeology	archaology	10	False	1	False
archeologist	archeaologist	13	False	1	False
archeologists	archeaologists	14	False	1	False
archeology	archaoelogy	11	False	2	False
archeology	archaology	10	False	1	False
archetype	archtype	8	False	1	False
archetypes	archtypes	9	False	1	False
architect	archetect	9	False	1	False
architects	archetects	10	False	1	False
architectural	archetectural	13	False	1	False
architecturally	archetecturally	15	False	1	False
architecture	archetecture	12	False	1	False
archive	achive	6	False	1	False
archived	achived	7	False	1	False
armature	amature	7	False	1	False
arrangement	arangement	10	False	1	False
arrested	erested	7	False	2	False
article	artical	7	False	2	False
article	articel	7	False	2	False
artificial	artifical	9	False	1	False
artificially	artifically	11	False	1	False
artillery	artillary	9	False	1	False
ascension	accension	9	False	1	False
ascetic	asetic	6	False	1	False
aspects	spects	6	False	1	False
assassin	assasin	7	False	1	False
assassinate	assasinate	10	False	1	False
assassinated	assasinated	11	False	1	False
assassinates	assasinates	11	False	1	False
assassination	assasination	12	False	1	False
assassinations	assasinations	13	False	1	False
assassins	assasins	8	False	1	False
assemble	assemple	8	False	1	False
assistant	assitant	8	False	1	False
associated	asociated	9	False	1	False
asteroid	asteriod	8	False	2	False
asymmetric	assymetric	10	False	2	False
atheistic	atheistical	11	False	2	False
attainder	attaindre	9	False	2	False
attained	attaindre	9	False	3	False
attempt	attemt	6	False	1	False
attempted	attemted	8	False	1	False
attempting	attemting	9	False	1	False
attempts	attemts	7	False	1	False
attendance	attendence	10	False	1	False
attendant	attendent	9	False	1	False
attendants	attendents	10	False	1	False
attitude	attitide	8	False	1	False
attribute	atribute	8	False	1	False
attributes	atributes	9	False	1	False
audience	audeince	8	False	2	False
author	autor	5	False	1	False
autobiographic	authobiographic	15	False	1	False
autobiography	authobiography	14	False	1	False
auxiliary	auxilliary	10	False	1	False
available	avalable	8	False	1	False
available	avaliable	9	False	2	False
averaged	averageed	9	False	1	False
aviation	avation	7	False	1	False
away	awya	4	False	2	False
awkward	ackward	7	False	1	False
back	bakc	4	False	2	False
back	bcak	4	False	2	False
backward	ackward	7	False	1	False
bandwidth	bandwith	8	False	1	False
bankruptcy	bankrupcy	9	False	1	False
barbecue	barbeque	8	False	1	False
basically	basicaly	8	False	1	False
basically	basicly	7	False	2	False
beautiful	beatiful	8	False	1	False
beautiful	beautyfull	10	False	2	False
became	becamae	7	False	1	False
because	beacuse	7	False	2	False
because	becasue	7	False	2	False
because	becouse	7	False	1	False
because	becuase	7	False	2	False
becoming	becomming	9	False	1	False
before	befoer	6	False	2	False
begging	beggin	6	False	1	False
begin	beggin	6	False	1	False
beginner	begginer	8	False	2	False
beginners	begginers	9	False	2	False
beginning	beggining	9	False	2	False
beginning	begining	8	False	1	False
beginning	beginnig	8	False	1	False
beginnings	begginings	10	False	2	False
behavior	behavour	8	False	2	False
behaviour	behavour	8	False	1	False
belief	beleif	6	False	2	False
beliefs	belives	7	False	2	False
believe	beleive	7	False	2	False
believed	beleived	8	False	2	False
believes	beleives	8	False	2	False
believes	belives	7	False	1	False
believing	beleiving	9	False	2	False
beneficial	benificial	10	False	1	False
beneficiary	beneficary	10	False	1	False
benefit	benifit	7	False	1	False
benefits	benifits	8	False	1	False
besiege	beseige	7	False	2	False
besieged	beseiged	8	False	2	False
besieging	beseiging	9	False	2	False
bestiality	beastiality	11	False	1	False
between	vetween	7	False	1	False
bilaterally	bilateraly	10	False	1	False
binomial	binominal	9	False	1	False
blame	blaim	5	False	2	False
blamed	blaimed	7	False	1	False
blessing	blessure	8	False	3	False
boat	boaut	5	False	1	False
boundary	bondary	7	False	1	False
boundary	boundry	7	False	1	False
bout	baout	5	False	1	False
bout	boaut	5	False	1	False
breakthrough	breakthough	11	False	1	False
brilliant	briliant	8	False	1	False
broadly	broady	6	False	1	False
buffaloes	buffalos	8	False	1	False
buffalos	buffaloes	9	False	1	True
bureaucracy	beaurocracy	11	False	4	False
burin	buring	6	False	1	False
burning	buring	6	False	1	False
burying	buring	6	False	1	False
business	buisness	8	False	2	False
business	busineses	9	False	1	False
business	busness	7	False	1	False
businesses	busineses	9	False	1	False
caisson	casion	6	False	2	False
calculate	caluclate	9	False	2	False
calculate	caluculate	10	False	1	False
calculate	calulate	8	False	1	False
calculated	caluclated	10	False	2	False
calculated	caluculated	11	False	1	False
calculated	calulated	9	False	1	False
calendar	calender	8	False	1	True
calligraphy	caligraphy	10	False	1	False
campaign	campain	7	False	1	False
campaigns	campains	8	False	1	False
can't	cant	4	False	1	True
candidate	candadate	9	False	1	False
canister	cannister	9	False	1	False
canisters	cannisters	10	False	1	False
canonical	cannonical	10	False	1	False
cant	cant	4	False	0	True
capability	caperbility	11	False	2	False
carcass	carcas	6	False	1	False
caring	careing	7	False	1	False
carnivorous	carniverous	11	False	1	False
cartilage	cartilege	9	False	1	False
cartilage	cartilidge	10	False	2	False
cartographer	carthographer	13	False	1	False
cartridge	cartrige	8	False	1	False
cassette	casette	7	False	1	False
cassowary	cassawory	9	False	2	False
cassowary	cassowarry	10	False	1	False
casualties	casulaties	10	False	2	False
casualties	causalities	11	False	3	True
casualty	casulaty	8	False	2	False
categories	catagories	10	False	1	False
category	catagory	8	False	1	False
caterpillar	catterpilar	11	False	2	False
caterpillars	catterpilars	12	False	2	False
catholic	cathlic	7	False	1	False
cemeteries	cemetaries	10	False	1	False
cemetery	cemetarey	9	False	2	False
cemetery	cemetary	8	False	1	False
censor	censur	6	False	1	False
censure	censur	6	False	1	False
censure	sensure	7	False	1	False
census	cencus	6	False	1	False
centuries	centruies	9	False	2	False
century	centruy	7	False	2	False
ceremonial	cerimonial	10	False	1	False
ceremonies	cerimonies	10	False	1	False
ceremonious	cerimonious	11	False	1	False
ceremony	cerimony	8	False	1	False
certain	ceratin	7	False	2	False
certainty	certainity	10	False	1	False
cervical	cervial	7	False	1	False
chairman	chariman	8	False	2	False
character	carachter	9	False	2	False
character	charachter	10	False	1	False
characteristics	charistics	10	False	5	False
characterized	charaterized	12	False	1	False
characters	charachters	11	False	1	False
charismatic	carismatic	10	False	1	False
chase	chasr	5	False	1	False
chaser	chasr	5	False	1	False
cheat	sheat	5	False	1	False
chemical	chemcial	8	False	2	False
chemically	chemcially	10	False	2	False
chemically	chemicaly	9	False	1	False
chemistry	chemestry	9	False	1	False
chief	cheif	5	False	2	False
childbirth	childbird	9	False	2	False
children's	childrens	9	False	1	False
chosen	choosen	7	False	1	False
church	curch	5	False	1	False
circuit	ciricuit	8	False	1	False
civilian	civillian	9	False	1	False
claims	claimes	7	False	1	False
clear	claer	5	False	2	False
clear	clera	5	False	2	False
clearance	cleareance	10	False	1	False
clearer	claerer	7	False	2	False
clearly	claerly	7	False	2	False
clinical	clincial	8	False	2	False
clinically	clinicaly	9	False	1	False
cloud	coudl	5	False	2	False
coast	caost	5	False	2	False
collateral	colateral	9	False	1	False
colleague	collegue	8	False	1	False
colleagues	collegues	9	False	1	False
collectible	collectable	11	False	1	False
colonies	collonies	9	False	1	False
colonnade	collonade	9	False	2	False
colony	collony	7	False	1	False
coloration	colouration	11	False	1	False
colossal	collosal	8	False	2	False
colouration	coloration	10	False	1	True
comeback	comback	7	False	1	False
coming	comming	7	False	1	False
commandeer	comander	8	False	2	False
commander	comander	8	False	1	False
commando	comando	7	False	1	False
commandos	comandos	8	False	1	False
commandos	commandoes	10	False	1	False
commemorated	commmemorated	13	False	1	False
commemorative	commemerative	13	False	1	False
commercial	commericial	11	False	1	False
commercially	commericially	13	False	1	False
commission	comision	8	False	2	False
commission	comission	9	False	1	False
commission	commision	9	False	1	False
commissioned	comisioned	10	False	2	False
commissioned	comissioned	11	False	1	False
commissioned	commisioned	11	False	1	False
commissioner	comisioner	10	False	2	False
commissioner	comissioner	11	False	1	False
commissioner	commisioner	11	False	1	False
commissioning	comisioning	11	False	2	False
commissioning	comissioning	12	False	1	False
commissioning	commisioning	12	False	1	False
commissions	comisions	9	False	2	False
commissions	comissions	10	False	1	False
commissions	commisions	10	False	1	False
committed	comited	7	False	2	False
committed	comitted	8	False	1	False
committed	commited	8	False	1	False
committee	comittee	8	False	1	False
committee	commitee	8	False	1	False
committee	committe	8	False	1	False
committing	comiting	8	False	2	False
committing	comitting	9	False	1	False
committing	commiting	9	False	1	False
commonly	commongly	9	False	1	False
communication	communciation	13	False	2	False
comparative	comparitive	11	False	1	False
comparison	comparision	11	False	1	False
compatibility	compatiblity	12	False	1	False
competence	competance	10	False	1	False
competent	competant	9	False	1	False
competent	compitent	9	False	1	False
competition	competion	9	False	2	False
competitive	competive	9	False	2	False
compiler	complier	8	False	2	False
completion	competion	9	False	1	False
comprehensive	comphrehensive	14	False	1	False
compromise	comprimise	10	False	1	False
concentrate	consentrate	11	False	1	False
concentrated	consentrated	12	False	1	False
concentrates	consentrates	12	False	1	False
concept	consept	7	False	1	False
concern	consern	7	False	1	False
concerned	conserned	9	False	1	False
concerning	conserning	10	False	1	False
condemned	condemmed	9	False	1	False
condition	condidtion	10	False	1	False
conditions	condidtions	11	False	1	False
confidential	confidental	11	False	1	False
confidentially	confidentally	13	False	1	False
conform	coform	6	False	1	False
congressional	congresional	12	False	1	False
conjecture	conjecutre	10	False	2	False
connived	conived	7	False	1	False
connotation	cannotation	11	False	1	False
connotations	cannotations	12	False	1	False
conqueror	conquerer	9	False	1	False
conquerors	conquerers	10	False	1	False
conscious	concious	8	False	1	False
consciously	conciously	10	False	1	False
consciousness	conciousness	12	False	1	False
consensus	concensus	9	False	1	False
consent	conscent	8	False	1	False
conservative	conservitive	12	False	1	False
consider	concider	8	False	1	False
consider	consdider	9	False	1	False
considered	concidered	10	False	1	False
considered	consdidered	11	False	1	False
considered	considerd	9	False	1	False
considers	conciders	9	False	1	False
consolidate	consolodate	11	False	1	False
consolidated	consolodated	12	False	1	False
consonant	consonent	9	False	1	False
consonants	consonents	10	False	1	False
consortium	consorcium	10	False	1	False
constant	constatn	8	False	2	False
constantly	constanly	9	False	1	False
constituencies	consituencies	13	False	1	False
constituency	consituency	11	False	1	False
constituent	constituant	11	False	1	False
constituents	constituants	12	False	1	False
constitution	consitution	11	False	1	False
constitution	constituion	11	False	1	False
constitution	costitution	11	False	1	False
constitutional	consitutional	13	False	1	False
constitutional	constituional	13	False	1	False
constraints	constaints	10	False	1	False
construction	constuction	11	False	1	False
consummate	consumate	9	False	1	False
consummated	consumated	10	False	1	False
contains	containes	9	False	1	False
contains	countains	9	False	1	False
contaminate	contaiminate	12	False	1	False
contemporaneous	contemporaneus	14	False	1	False
contemporaries	contamporaries	14	False	1	False
contemporary	contamporary	12	False	1	False
contemporary	contemporaneus	14	False	4	False
continuing	continueing	11	False	1	False
continuous	continous	9	False	1	False
continuously	continously	11	False	1	False
contributor	contributer	11	False	1	False
contributors	contributers	12	False	1	False
control	controll	8	False	1	False
controlled	controled	9	False	1	False
controlling	controling	10	False	1	False
controls	controlls	9	False	1	False
controversial	contravercial	13	False	2	False
controversial	controvercial	13	False	1	False
controversies	controveries	12	False	1	False
controversy	contraversy	11	False	1	False
controversy	controvercy	11	False	1	False
controversy	controvery	10	False	1	False
convenient	conveinent	10	False	2	False
convenient	convienient	11	False	1	False
conventional	convential	10	False	2	False
conversion	convertion	10	False	1	False
converted	coverted	8	False	1	False
converter	convertor	9	False	1	False
converters	convertors	10	False	1	False
conveyor	conveyer	8	False	1	False
cooperation	coorperation	12	False	1	False
coordination	coordiantion	12	False	2	False
copy	cpoy	4	False	2	False
copyright	copywrite	9	False	4	False
corporate	corparate	9	False	1	False
corporation	coorperation	12	False	2	False
correspond	corrispond	10	False	1	False
corresponded	corrisponded	12	False	1	False
correspondent	correspondant	13	False	1	False
correspondent	corrispondant	13	False	2	False
correspondents	correspondants	14	False	1	False
correspondents	corrispondants	14	False	2	False
corresponding	correponding	12	False	1	False
corresponding	correposding	12	False	2	False
corresponding	corrisponding	13	False	1	False
corresponds	corrisponds	11	False	1	False
corrosion	corosion	8	False	1	False
could	coudl	5	False	2	False
could	sould	5	False	1	False
councillor	councellor	10	False	1	False
councillors	councellors	11	False	1	False
counsellor	councellor	10	False	1	False
counsellors	councellors	11	False	1	False
counselor	councellor	10	False	2	False
counselors	councellors	11	False	2	False
countries	ocuntries	9	False	2	False
country	ocuntry	7	False	2	False
courier	coururier	9	False	2	False
couturier	coururier	9	False	1	False
covenant	convenant	9	False	1	False
covered	coverted	8	False	1	False
coveted	coverted	8	False	1	False
coy	cpoy	4	False	1	False
created	creaeted	8	False	1	False
criterion	critereon	9	False	1	False
criticise	critisize	9	False	2	False
criticised	critisized	10	False	2	False
criticises	critisizes	10	False	2	False
criticising	critising	9	False	2	False
criticising	critisizing	11	False	2	False
criticism	critisism	9	False	1	False
criticisms	critisisms	10	False	1	False
criticize	critisize	9	False	1	False
criticized	critisized	10	False	1	False
criticizes	critisizes	10	False	1	False
criticizing	critising	9	False	3	False
criticizing	critisizing	11	False	1	False
critics	criticists	10	False	3	False
crucifixion	crucifiction	12	False	2	False
cruises	crusies	7	False	2	False
culminating	culiminating	12	False	1	False
cumulative	cumulatative	12	False	2	False
currently	currenly	8	False	1	False
cyan	cxan	4	False	1	False
dahl	dael	4	False	1	False
daub	doub	4	False	1	False
de rigueur	de_rigeur	9	True	2	False
deal	dael	4	False	2	False
debatable	debateable	10	False	1	False
deceived	decieved	8	False	2	False
decidable	decideable	10	False	1	False
decide	deside	6	False	1	False
decidedly	decidely	8	False	1	False
deciduous	ecidious	8	False	2	False
decipher	decypher	8	False	1	False
deciphered	decyphered	10	False	1	False
decision	descision	9	False	1	False
decisions	descisions	10	False	1	False
decompose	decomposit	10	False	2	False
decomposed	decomposited	12	False	2	False
decomposes	decomposits	11	False	2	False
decomposing	decompositing	13	False	2	False
defiance	definance	9	False	1	False
define	deffine	7	False	1	False
defined	deffined	8	False	1	False
definite	definate	8	False	1	False
definite	definit	7	False	1	False
definitely	definately	10	False	1	False
definitely	definatly	9	False	2	False
definitely	definetly	9	False	2	False
definitely	definitly	9	False	1	False
deities	dieties	7	False	2	False
deity	diety	5	False	2	False
demeanor	damenor	7	False	2	False
demeanor	demenor	7	False	1	False
demeanour	damenor	7	False	3	False
demeanour	demenor	7	False	2	False
demographic	demographical	13	False	2	False
denigrating	denegrating	11	False	1	False
dependence	dependance	10	False	1	False
dependency	dependancy	10	False	1	False
dependent	dependant	9	False	1	True
derived	deriviated	10	False	3	False
derived	dirived	7	False	1	False
derogatory	derogitory	10	False	1	False
descendant	decendant	9	False	1	False
descendant	descendent	10	False	1	True
descendants	decendants	10	False	1	False
descendants	decendents	10	False	2	False
descendants	descendents	11	False	1	True
describe	decribe	7	False	1	False
describe	discribe	8	False	1	False
described	decribed	8	False	1	False
described	discribed	9	False	1	False
describes	decribes	8	False	1	False
describes	discribes	9	False	1	False
describing	decribing	9	False	1	False
describing	discribing	10	False	1	False
desiccated	dessicated	10	False	2	False
designed	desgined	8	False	2	False
designed	dessigned	9	False	1	False
desirable	desireable	10	False	1	False
despair	dispair	7	False	1	False
desperate	desparate	9	False	1	False
desperation	despiration	11	False	1	False
despicable	dispicable	10	False	1	False
despite	dispite	7	False	1	False
destroy	stroy	5	False	2	False
destructive	distructive	11	False	1	False
detached	detatched	9	False	1	False
detailed	detailled	9	False	1	False
determining	determinining	13	False	2	False
detrimental	detremental	11	False	1	False
develop	develope	8	False	1	False
developed	developped	10	False	1	False
development	devolopement	12	False	2	False
device	divice	6	False	1	False
dial	dael	4	False	2	False
didn't	didnt	5	False	1	False
die	diea	4	False	1	False
different	diferent	8	False	1	False
different	diferrent	9	False	2	False
different	diffrent	8	False	1	False
difficulties	dificulties	11	False	1	False
difficulty	dificulty	9	False	1	False
dimension	dimention	9	False	1	False
dimensions	dimenions	9	False	1	False
dimensions	dimentions	10	False	1	False
diphthong	diphtong	8	False	1	False
diphthong	dipthong	8	False	1	False
diphthongs	diphtongs	9	False	1	False
diphthongs	dipthongs	9	False	1	False
directly	driectly	8	False	2	False
disagreement	dissagreement	13	False	1	False
disappear	dissapear	9	False	2	False
disappear	dissappear	10	False	1	False
disappeared	dissapeared	11	False	2	False
disappearing	dissapearing	12	False	2	False
disappears	dissapears	10	False	2	False
disappears	dissappears	11	False	1	False
disapproval	disaproval	10	False	1	False
disaster	diaster	7	False	1	False
disastrous	disasterous	11	False	1	False
discontent	discontentment	14	False	4	True
discover	dicover	7	False	1	False
discovered	dicovered	9	False	1	False
discovering	dicovering	10	False	1	False
discovers	dicovers	8	False	1	False
discovery	dicovery	8	False	1	False
discuss	descuss	7	False	1	False
disintegrated	desintegrated	13	False	1	False
disintegration	desintegration	14	False	1	False
disobedience	disobediance	12	False	1	False
disobedience	dissobediance	13	False	2	False
disobedience	dissobedience	13	False	1	False
disobedient	disobediant	11	False	1	False
disobedient	dissobediant	12	False	2	False
disobedient	dissobedient	12	False	1	False
disparagingly	disparingly	11	False	2	False
disparate	desparate	9	False	1	False
dispense	dispence	8	False	1	False
dispensed	dispenced	9	False	1	False
dispensing	dispencing	10	False	1	False
dissatisfaction	disatisfaction	14	False	1	False
dissatisfied	disatisfied	11	False	1	False
dissemination	disemination	12	False	1	False
dissolved	disolved	8	False	1	False
distinguish	distingish	10	False	1	False
distinguished	distingished	12	False	1	False
distinguishes	distingishes	12	False	1	False
distinguishing	distingishing	13	False	1	False
diverged	diversed	8	False	1	False
diverse	diversed	8	False	1	False
divide	devide	6	False	1	False
divided	devided	7	False	1	False
division	divison	7	False	1	False
divisions	divisons	8	False	1	False
document	doccument	9	False	1	False
documented	doccumented	11	False	1	False
documents	doccuments	10	False	1	False
does	doens	5	False	1	False
doesn't	doesnt	6	False	1	False
doing	doign	5	False	2	False
doing	donig	5	False	2	False
dominant	dominent	8	False	1	False
dominant	dominiant	9	False	1	False
doubt	doub	4	False	1	False
dram	deram	5	False	1	False
dramatic	dramtic	7	False	1	False
dream	deram	5	False	2	False
dreams	dreasm	6	False	2	False
dressing	adressing	9	False	1	False
drink	drnik	5	False	2	False
drumming	druming	7	False	1	False
dukedom	dukeship	8	False	4	False
during	buring	6	False	1	False
during	durring	7	False	1	False
dyeing	dieing	6	False	1	False
dying	dieing	6	False	2	False
earned	earnt	5	False	2	False
eclectic	electic	7	False	1	False
eclipse	eclispe	7	False	2	False
efficient	effecient	9	False	1	False
efficient	efficent	8	False	1	False
efficiently	effeciently	11	False	1	False
efficiently	efficently	10	False	1	False
effluence	effulence	9	False	2	False
effort	affort	6	False	1	False
effort	efford	6	False	1	False
efforts	effords	7	False	1	False
eighth	eigth	5	False	1	False
election	electon	7	False	1	False
electric	electic	7	False	1	False
electrical	electrial	9	False	1	False
electrically	electricly	10	False	2	False
electricity	electricty	10	False	1	False
electron	electon	7	False	1	False
elementary	elimentary	10	False	1	False
elephant	elphant	7	False	1	False
elicited	elicided	8	False	1	False
eligible	eligable	8	False	1	False
eliminated	eleminated	10	False	1	False
eliminating	eleminating	11	False	1	False
else	esle	4	False	2	False
emanate	eminate	7	False	1	False
embarrass	embarass	8	False	1	False
embarrass	embarras	8	False	1	False
embarrassed	embarassed	10	False	1	False
embarrassed	embarrased	10	False	1	False
embarrassing	embarassing	11	False	1	False
embarrassing	embarrasing	11	False	1	False
embarrassment	embarassment	12	False	1	False
embarrassment	embarrasment	12	False	1	False
embezzled	embezelled	10	False	2	False
emigrant	imigrant	8	False	1	False
emigrated	emmigrated	10	False	1	False
emigrated	imigrated	9	False	1	False
emigration	imigration	10	False	1	False
eminent	emminent	8	False	1	False
eminent	imanent	7	False	2	False
eminent	iminent	7	False	1	False
eminently	emminently	10	False	1	False
emissaries	emmisaries	10	False	2	False
emissaries	emmisarries	11	False	3	False
emissary	emmisarry	9	False	3	False
emissary	emmisary	8	False	2	False
emission	emision	7	False	1	False
emission	emition	7	False	2	False
emission	emmision	8	False	2	False
emitted	emited	6	False	1	False
emitted	emmited	7	False	2	False
emitted	emmitted	8	False	1	False
emitting	emiting	7	False	1	False
emitting	emmiting	8	False	2	False
emitting	emmitting	9	False	1	False
emotion	emition	7	False	1	False
emphysema	emphysyma	9	False	1	False
empirical	emperical	9	False	1	False
empirical	empirial	8	False	1	False
enamored	enamoured	9	False	1	True
enamoured	enamored	8	False	1	True
encryption	encryptiion	11	False	1	False
engineer	engeneer	8	False	1	False
engineer	engieneer	9	False	1	False
engineering	engeneering	11	False	1	False
engineers	engieneers	10	False	1	False
enlargement	enlargment	10	False	1	False
enlargements	enlargments	11	False	1	False
enlist	Enlish	6	False	2	False
enmity	emnity	6	False	2	False
enormous	enourmous	9	False	1	False
enormously	enourmously	11	False	1	False
entertaining	intertaining	12	False	1	False
entrepreneur	entrepeneur	11	False	1	False
entrepreneurs	entrepeneurs	12	False	1	False
enumerable	inumerable	10	False	1	False
environment	enviorment	10	False	2	False
environment	enviornment	11	False	2	False
environment	enviroment	10	False	1	False
environmental	enviormental	12	False	2	False
environmental	enviornmental	13	False	2	False
environmental	enviromental	12	False	1	False
environmentalist	enviornmentalist	16	False	2	False
environmentalist	enviromentalist	15	False	1	False
environmentally	enviormentally	14	False	2	False
environmentally	enviornmentally	15	False	2	False
environmentally	enviromentally	14	False	1	False
environments	enviorments	11	False	2	False
environments	enviornments	12	False	2	False
environments	enviroments	11	False	1	False
equatorial	equitorial	10	False	1	False
equilibrium	equilibium	10	False	1	False
equilibrium	equilibrum	10	False	1	False
equipment	equippment	10	False	1	False
equipped	equiped	7	False	1	False
erected	erested	7	False	1	False
erratic	eratic	6	False	1	False
erratically	eraticly	8	False	3	False
essence	essense	7	False	1	False
essential	esential	8	False	1	False
essential	essencial	9	False	1	False
essential	essentual	9	False	1	False
essential	essesital	9	False	3	False
ethos	ethose	6	False	1	False
every	eveyr	5	False	2	False
evidently	evidentally	11	False	2	False
evil	efel	4	False	2	False
exacerbate	exerbate	8	False	2	False
exacerbated	exerbated	9	False	2	False
exaggerate	exagerate	9	False	1	False
exaggerate	exagerrate	10	False	2	False
exaggerated	exagerated	10	False	1	False
exaggerated	exagerrated	11	False	2	False
exaggerates	exagerates	10	False	1	False
exaggerates	exagerrates	11	False	2	False
exaggerating	exagerating	11	False	1	False
exaggerating	exagerrating	12	False	2	False
exalted	exhalted	8	False	1	False
example	exemple	7	False	1	False
example	exmaple	7	False	2	False
exceeded	excedded	8	False	1	False
excel	excell	6	False	1	False
excellent	exelent	7	False	2	False
excels	excells	7	False	1	False
excerpt	exerpt	6	False	1	False
excerpts	exerpts	7	False	1	False
execute	excecute	8	False	1	False
executed	excecuted	9	False	1	False
executes	excecutes	9	False	1	False
executing	excecuting	10	False	1	False
execution	excecution	10	False	1	False
exempt	exampt	6	False	1	False
exerted	extered	7	False	2	False
exhibition	exibition	9	False	1	False
exhibitions	exibitions	10	False	1	False
existence	existance	9	False	1	False
existent	existant	8	False	1	False
exoskeleton	exoskelaton	11	False	1	False
expects	spects	6	False	2	False
expel	expell	6	False	1	False
expels	expells	7	False	1	False
explain	expalin	7	False	2	False
exploitative	exploititive	12	False	1	False
extant	extint	6	False	1	False
external	exerternal	10	False	2	False
extinct	extint	6	False	1	False
extraordinarily	extrordinarily	14	False	1	False
extraordinary	extrordinary	12	False	1	False
extraterrestrial	extraterrestial	15	False	1	False
extravagant	extravagent	11	False	1	False
eyas	eyars	5	False	1	False
facilitate	faciliate	9	False	1	False
facilitated	faciliated	10	False	1	False
famous	famoust	7	False	1	False
fanaticism	fanatism	8	False	2	False
fascinated	facinated	9	False	1	False
feasible	feasable	8	False	1	False
feel	fiel	4	False	1	False
feels	fiels	5	False	1	False
fictitious	ficticious	10	False	1	False
fictitious	fictious	8	False	2	False
field	fiel	4	False	1	False
fields	fiels	5	False	1	False
filament	filiament	9	False	1	False
file	fiel	4	False	2	False
files	fiels	5	False	2	False
finally	fianlly	7	False	2	False
finally	finaly	6	False	1	False
financially	financialy	10	False	1	False
find	fidn	4	False	2	False
first	firts	5	False	2	False
fled	fleed	5	False	1	False
flirts	firts	5	False	1	False
flourish	fluorish	8	False	2	False
fluorescent	florescent	10	False	1	True
forbade	forbad	6	False	1	False
forehead	forhead	7	False	1	False
foreign	foriegn	7	False	2	False
foremost	formost	7	False	1	False
forerunner	forunner	8	False	2	False
forfeit	forfiet	7	False	2	False
form	fomr	4	False	2	False
formalize	formallize	10	False	1	False
formalized	formallized	11	False	1	False
forty	fourty	6	False	1	False
fought	faught	6	False	1	False
fought	fougth	6	False	2	False
found	foudn	5	False	2	False
foundries	foundaries	10	False	1	False
foundry	foundary	8	False	1	False
freed	fleed	5	False	1	False
friend	freind	6	False	2	False
friends	firends	7	False	2	False
from	fomr	4	False	2	False
fundamental	fundametal	10	False	1	False
fundamentals	fundametals	11	False	1	False
fungi	funguses	8	False	4	False
further	furuther	8	False	1	False
gale	gae	3	False	1	False
game	gae	3	False	1	False
gases	gasses	6	False	1	True
genealogies	geneologies	11	False	1	False
genealogy	geneology	9	False	1	False
generally	generaly	8	False	1	False
genitalia	genialia	8	False	1	False
goddess	godess	6	False	1	False
goddesses	godesses	8	False	1	False
going	gogin	5	False	2	False
going	goign	5	False	2	False
going	gonig	5	False	2	False
going	oging	5	False	2	False
gourd	gaurd	5	False	1	False
government	goverment	9	False	1	False
government	govorment	9	False	2	False
governmental	govermental	11	False	1	False
governmental	govormental	11	False	2	False
governor	gouvener	8	False	3	False
governor	governer	8	False	1	False
graffiti	grafitti	8	False	2	False
grammar	grammer	7	False	1	False
grammatically	gramatically	12	False	1	False
grammatically	grammaticaly	12	False	1	False
grateful	greatful	8	False	2	False
gratefully	greatfully	10	False	2	False
gratuitous	gratuitious	11	False	1	False
great	gerat	5	False	2	False
great	graet	5	False	2	False
great	grat	4	False	1	False
grief	greif	5	False	2	False
group sex	groupsex	8	True	1	False
grow	grwo	4	False	2	False
guanine	gunanine	8	False	1	False
guarantee	guarentee	9	False	1	False
guaranteed	garanteed	9	False	1	False
guaranteed	guarenteed	10	False	1	False
guaranteed	guranteed	9	False	1	False
guarantees	guarentees	10	False	1	False
guard	gaurd	5	False	2	False
guerilla	guerrila	8	False	2	False
guerillas	guerrilas	9	False	2	False
guerrilla	guerrila	8	False	1	False
guerrillas	guerrilas	9	False	1	False
guidance	guidence	8	False	1	False
guttural	guttaral	8	False	1	False
guttural	gutteral	8	False	1	False
habeas	habaeus	7	False	2	False
habeas	habeus	6	False	1	False
happen	ahppen	6	False	2	False
happen	hapen	5	False	1	False
happened	hapened	7	False	1	False
happened	happended	9	False	1	False
happening	hapening	8	False	1	False
harass	harras	6	False	2	False
harass	harrassing	10	False	4	False
harassed	harased	7	False	1	False
harassed	harrased	8	False	2	False
harasses	harases	7	False	1	False
harasses	harrases	8	False	2	False
harassing	harrasing	9	False	2	False
harassment	harasment	9	False	1	False
harassment	harrasment	10	False	2	False
hare	hace	4	False	1	False
have	ahev	4	False	3	False
have	ahve	4	False	2	False
have	haev	4	False	2	False
have	hvae	4	False	2	False
have	hvea	4	False	2	False
having	hvaing	6	False	2	False
heave	haev	4	False	3	False
heave	hvea	4	False	3	False
heritage	inheritage	10	False	2	False
heroes	heros	5	False	1	False
heterogeneous	heterogenous	12	False	1	False
holy	wholy	5	False	1	False
hydrophilic	hydropilic	10	False	1	False
hydrophobic	hydropobic	10	False	1	False
hygiene	hygeine	7	False	2	False
hypocrisy	hypocracy	9	False	2	False
hypocrisy	hypocrasy	9	False	1	False
hypocrisy	hypocricy	9	False	1	False
hypocrite	hypocrit	8	False	1	False
hypocrites	hypocrits	9	False	1	False
iconoclastic	iconclastic	11	False	1	False
idea	diea	4	False	2	False
idea	idae	4	False	2	False
ideas	idaes	5	False	2	False
ideas	idesa	5	False	2	False
identical	identicial	10	False	1	False
ideologies	idealogies	10	False	1	False
ideology	idealogy	8	False	1	False
ides	idesa	5	False	1	False
idiosyncratic	ideosyncratic	13	False	1	False
illegitimacy	illegimacy	10	False	2	False
illegitimate	illegitmate	11	False	1	False
illogical	ilogical	8	False	1	False
illusion	alusion	7	False	2	False
illusion	illution	8	False	1	False
imagery	imaginery	9	False	2	False
imaginary	imagenary	9	False	1	False
imaginary	imaginery	9	False	1	False
imagine	imagin	6	False	1	False
imbalance	inbalance	9	False	1	False
imitate	immitate	8	False	1	False
imitated	immitated	9	False	1	False
imitating	immitating	10	False	1	False
imitator	immitator	9	False	1	False
immanent	iminent	7	False	2	False
immediately	emmediately	11	False	1	False
immediately	imediately	10	False	1	False
immediately	immediatley	11	False	2	False
immediately	immidately	10	False	2	False
immediately	immidiately	11	False	1	False
immense	imense	6	False	1	False
immigrant	imigrant	8	False	1	False
immigrant	inmigrant	9	False	1	False
immigrants	inmigrants	10	False	1	False
immigrated	imigrated	9	False	1	False
immigration	imigration	10	False	1	False
imminent	emminent	8	False	1	False
imminent	imanent	7	False	2	False
imminent	iminent	7	False	1	False
impeach	inpeach	7	False	1	False
impedance	impedence	9	False	1	False
imperial	empirial	8	False	2	False
impolite	inpolite	8	False	1	False
imprisonment	inprisonment	12	False	1	False
improvisation	improvision	11	False	2	False
in spite	inspite	7	True	1	False
inaccessible	inaccessable	12	False	1	False
inappropriate	inappropiate	12	False	1	False
incompatibility	incompatiblity	14	False	1	False
incompetence	incompetance	12	False	1	False
incompetent	incompetant	11	False	1	False
incorporation	incorperation	13	False	1	False
incorruptible	incorruptable	13	False	1	False
incredible	increadible	11	False	1	False
incredible	incredable	10	False	1	False
incunabula	incunabla	9	False	1	False
indefinitely	indefinately	12	False	1	False
indefinitely	indefinitly	11	False	1	False
independence	independance	12	False	1	False
independence	independece	11	False	1	False
independent	independant	11	False	1	False
independent	indipendent	11	False	1	False
independent	indpendent	10	False	1	False
independently	indepedantly	12	False	2	False
independently	independantly	13	False	1	False
independently	indipendently	13	False	1	False
independently	indpendently	12	False	1	False
indict	indite	6	False	2	True
indispensable	indispensible	13	False	1	False
indisputable	indisputible	12	False	1	False
indisputably	indisputibly	12	False	1	False
indulge	indulgue	8	False	1	False
industrial	indutrial	9	False	1	False
inevitable	inevatible	10	False	2	False
inevitable	inevitible	10	False	1	False
infectious	infectuous	10	False	1	False
infiltrate	infilitrate	11	False	1	False
infiltrated	infilitrated	12	False	1	False
infinite	infinit	7	False	1	False
inflammation	inflamation	11	False	1	False
influenced	influented	10	False	1	False
influential	influencial	11	False	1	False
information	infomation	10	False	1	False
ingredients	ingreediants	12	False	2	False
inhabitant	habitant	8	False	2	False
inhabitants	habitants	9	False	2	False
inheritance	inheritage	10	False	2	False
initiation	initation	9	False	1	False
innocence	inocence	8	False	1	False
innumerable	inumerable	10	False	1	False
insidious	ecidious	8	False	3	False
insistence	insistance	10	False	1	False
instance	instatance	10	False	2	False
instead	instade	7	False	2	False
institution	insitution	10	False	1	False
institutions	insitutions	11	False	1	False
integrated	intergrated	11	False	1	False
integration	intergration	12	False	1	False
intellectual	intelectual	11	False	1	False
intelligence	inteligence	11	False	1	False
intelligent	inteligent	10	False	1	False
interbred	interbread	10	False	1	False
interbreed	interbread	10	False	1	False
interchangeably	interchangably	14	False	1	False
interest	intrest	7	False	1	False
international	internation	11	False	2	False
interpret	interpet	8	False	1	False
interregnum	interrugum	10	False	2	False
interrelated	interelated	11	False	1	False
interrupt	interupt	8	False	1	False
into	inot	4	False	2	False
introduce	inctroduce	10	False	1	False
introduced	inctroduced	11	False	1	False
intuitive	intutive	8	False	1	False
intuitively	intutively	10	False	1	False
inventor	inventer	8	False	1	False
invertebrates	invertibrates	13	False	1	False
involvement	involvment	10	False	1	False
ironically	ironicly	8	False	2	False
irrelevant	irelevent	9	False	2	False
irresistible	iresistable	11	False	2	False
irresistible	iresistible	11	False	1	False
irresistible	irresistable	12	False	1	False
irresistibly	iresistably	11	False	2	False
irresistibly	iresistibly	11	False	1	False
irresistibly	irresistably	12	False	1	False
irritable	iritable	8	False	1	False
irritated	iritated	8	False	1	False
isn't	isnt	4	False	1	False
jeopardy	jeapardy	8	False	1	False
journeys	journies	8	False	2	False
judicial	judical	7	False	1	False
judiciary	judisuary	9	False	2	False
just	jstu	4	False	2	False
just	jsut	4	False	2	False
keratin	ceratin	7	False	1	False
kindergarten	kindergarden	12	False	1	False
know	knwo	4	False	2	False
know	konw	4	False	2	False
know	kwno	4	False	2	False
know	nkow	4	False	2	False
know	nkwo	4	False	3	False
knowledge	knowlege	8	False	1	False
knowledgeable	knowledgable	12	False	1	False
knowledgeable	knowlegeable	12	False	1	False
knows	knwos	5	False	2	False
knows	konws	5	False	2	False
laboratory	labratory	9	False	1	False
laid	layed	5	False	2	False
language	laguage	7	False	1	False
languages	laguages	8	False	1	False
larvae	lavae	5	False	1	False
last	lsat	4	False	2	False
lavatory	labatory	8	False	1	False
leaf	lief	4	False	2	True
lean	leanr	5	False	1	False
leaner	leanr	5	False	1	False
learn	leanr	5	False	2	False
learn	leran	5	False	2	False
learns	lerans	6	False	2	False
led	leaded	6	False	3	True
legitimate	legitamate	10	False	1	False
leisure	liesure	7	False	2	False
length	lenght	6	False	2	False
level	levle	5	False	2	False
levitate	levetate	8	False	1	False
levitated	levetated	9	False	1	False
levitates	levetates	9	False	1	False
levitating	levetating	10	False	1	False
liable	lible	5	False	1	False
liaison	liason	6	False	1	False
libel	libell	6	False	1	False
libel	lible	5	False	2	False
library	libary	6	False	1	False
licence	lisence	7	False	1	False
licence	lisense	7	False	2	False
license	lisence	7	False	2	False
license	lisense	7	False	1	False
licensed	licenced	8	False	1	False
licensing	licencing	9	False	1	False
lieutenant	leutenant	9	False	1	False
life	lief	4	False	2	True
light year	lightyear	9	True	1	False
light year	lightyears	10	True	2	False
like	liek	4	False	2	False
like	liuke	5	False	1	False
liked	liekd	5	False	2	False
likelihood	likelyhood	10	False	1	False
linguistic	libguistic	10	False	1	False
linguistics	libguistics	11	False	1	False
liquefy	liquify	7	False	1	False
literature	litature	8	False	2	False
literature	literture	9	False	1	False
little	littel	6	False	2	False
lively	livley	6	False	2	False
loneliness	lonelyness	10	False	1	False
lonely	lonley	6	False	2	False
lonely	lonly	5	False	1	False
losing	loosing	7	False	1	True
lot	alot	4	False	1	False
love	loev	4	False	2	False
love	lveo	4	False	2	False
love	lvoe	4	False	2	False
lying	lieing	6	False	2	False
made	maked	5	False	2	False
magnolia	magolia	7	False	1	False
maintenance	maintainance	12	False	2	False
maintenance	maintainence	12	False	3	False
maintenance	maintance	9	False	2	False
maintenance	maintenence	11	False	1	False
majority	marjority	9	False	1	False
make	amke	4	False	2	False
make	mkae	4	False	2	False
make	mkea	4	False	2	False
makes	makse	5	False	2	False
makes	mkaes	5	False	2	False
making	amking	6	False	2	False
making	mkaing	6	False	2	False
mammal	mamal	5	False	1	False
mammalian	mamalian	8	False	1	False
management	managment	9	False	1	False
maneuver	manouver	8	False	1	False
maneuver	manuever	8	False	2	False
maneuverability	manoeuverability	16	False	1	False
maneuverability	manouverability	15	False	1	False
maneuverable	manouverable	12	False	1	False
maneuvers	manouvers	9	False	1	False
maneuvers	manuevers	9	False	2	False
manoeuvrability	manoeuverability	16	False	1	False
manoeuvrability	manouverability	15	False	2	False
manoeuvrable	manouverable	12	False	2	False
manoeuvre	manouver	8	False	3	False
manoeuvre	manuever	8	False	4	False
manoeuvres	manouvers	9	False	3	False
manoeuvres	manuevers	9	False	4	False
manufacture	manufature	10	False	1	False
manufactured	manufatured	11	False	1	False
manufacturing	manufaturing	12	False	1	False
mare	mear	4	False	2	False
marked	maked	5	False	1	False
marketing	marketting	10	False	1	False
marriage	marrage	7	False	1	False
marriage	marraige	8	False	2	False
married	marryied	8	False	1	False
mass media	massmedia	9	True	1	False
mathematician	mathmatician	12	False	1	False
mathematicians	matheticians	12	False	2	False
mathematicians	mathmaticians	13	False	1	False
mathematics	mathamatics	11	False	1	False
mediaeval	medeival	8	False	3	False
medicine	medacine	8	False	1	False
medieval	medeival	8	False	2	False
member	memeber	7	False	1	False
mentioned	maintioned	10	False	2	False
mere	mear	4	False	2	False
messenger	messanger	9	False	1	False
metallic	metalic	7	False	1	False
metallurgic	metalurgic	10	False	1	False
metallurgical	metalurgical	12	False	1	False
metallurgy	metalurgy	9	False	1	False
metamorphosis	metamorphysis	13	False	1	False
midwives	midwifes	8	False	1	True
milieu	mileau	6	False	2	False
milieu	mileu	5	False	1	False
military	millitary	9	False	1	False
millennium	milennium	9	False	1	False
millennium	millenium	9	False	1	False
millipede	millepede	9	False	1	False
miniature	minature	8	False	1	False
ministry	ministery	9	False	1	False
minuscule	miniscule	9	False	1	False
miscellaneous	miscelaneous	12	False	1	False
miscellaneous	miscellanious	13	False	1	False
miscellaneous	miscellanous	12	False	1	False
mischievous	mischeivous	11	False	2	False
mischievous	mischevious	11	False	2	False
mischievous	mischievious	12	False	1	False
misdemeanor	misdameanor	11	False	1	False
misdemeanor	misdemenor	10	False	1	False
misdemeanors	misdameanors	12	False	1	False
misdemeanors	misdemenors	11	False	1	False
misdemeanour	misdameanor	11	False	2	False
misdemeanour	misdemenor	10	False	2	False
misdemeanours	misdameanors	12	False	2	False
misdemeanours	misdemenors	11	False	2	False
misogynist	mysogynist	10	False	1	False
misogyny	mysogyny	8	False	1	False
missel	missle	6	False	2	False
missile	misile	6	False	1	False
missile	missle	6	False	1	False
misspelling	mispelling	10	False	1	False
mizzen	missen	6	False	2	False
model	modle	5	False	2	False
moment	moent	5	False	1	False
monasteries	monestaries	11	False	2	False
monastery	monestary	9	False	2	False
monetary	monestary	9	False	1	False
money	moeny	5	False	2	False
monolithic	monolite	8	False	3	False
more	mroe	4	False	2	False
more	omre	4	False	2	False
mortgage	morgage	7	False	1	False
most famous	famoust	7	True	6	False
motivated	motiviated	10	False	1	False
movie	movei	5	False	2	False
mucous	mucuous	7	False	1	False
municipalities	muncipalities	13	False	1	False
municipality	muncipality	11	False	1	False
murder	muder	5	False	1	False
murdering	mudering	8	False	1	False
muscles	muscels	7	False	2	False
mussels	muscels	7	False	1	False
myriad	myraid	6	False	2	False
myself	mysef	5	False	1	False
mysterious	misterious	10	False	1	False
mysterious	misteryous	10	False	2	False
mysterious	mysterous	9	False	1	False
mystery	mistery	7	False	1	False
natural	naturual	8	False	1	False
naturally	naturaly	8	False	1	False
naturally	naturely	8	False	2	False
naturally	naturually	10	False	1	False
necessarily	neccesarily	11	False	2	False
necessarily	neccessarily	12	False	1	False
necessarily	necesarily	10	False	1	False
necessarily	nessasarily	11	False	3	False
necessary	neccesary	9	False	2	False
necessary	neccessary	10	False	1	False
necessary	necesary	8	False	1	False
need	ened	4	False	2	False
negligible	neglible	8	False	2	False
negligible	negligable	10	False	1	False
negotiate	negociate	9	False	1	False
negotiation	negociation	11	False	1	False
negotiation	negotation	10	False	1	False
neighbor	neigbour	8	False	2	False
neighboring	neigbouring	11	False	2	False
neighbors	neigbours	9	False	2	False
neighbour	neigbour	8	False	1	False
neighbouring	neigbouring	11	False	1	False
neighbours	neigbours	9	False	1	False
next	enxt	4	False	2	False
nice	neice	5	False	1	False
nickel	nickle	6	False	2	True
niece	neice	5	False	2	False
nineteenth	ninteenth	9	False	1	False
ninety	ninty	5	False	1	False
ninth	nineth	6	False	1	False
no one	noone	5	True	1	False
north	noth	4	False	1	False
northeastern	northereastern	14	False	2	False
northern	northen	7	False	1	False
northern	nothern	7	False	1	False
not	nto	3	False	2	False
not	onot	4	False	1	False
notable	noteable	8	False	1	False
notably	noteably	8	False	1	False
note	onot	4	False	2	False
noticeable	noticable	9	False	1	False
noticeable	noticible	9	False	2	False
noticing	noticeing	9	False	1	False
notoriety	noteriety	9	False	1	False
nouveau	noveau	6	False	1	False
nuclear	nucular	7	False	2	False
nuclear	nuculear	8	False	1	False
nuisance	nuisanse	8	False	1	False
nuisance	nusance	7	False	1	False
nutrient	nutritent	9	False	1	False
nutrients	nutritents	10	False	1	False
obedience	obediance	9	False	1	False
obedient	obediant	8	False	1	False
obstacle	obstacal	8	False	2	False
occasion	ocasion	7	False	1	False
occasion	ocassion	8	False	2	False
occasion	occassion	9	False	1	False
occasional	ocasional	9	False	1	False
occasional	ocassional	10	False	2	False
occasional	occassional	11	False	1	False
occasionally	ocasionally	11	False	1	False
occasionally	ocasionaly	10	False	2	False
occasionally	ocassionally	12	False	2	False
occasionally	occassionally	13	False	1	False
occasionally	occassionaly	12	False	2	False
occasioned	ocasioned	9	False	1	False
occasioned	ocassioned	10	False	2	False
occasioned	occassioned	11	False	1	False
occasions	ocasions	8	False	1	False
occasions	ocassions	9	False	2	False
occasions	occassions	10	False	1	False
occur	occurr	6	False	1	False
occur	ocurr	5	False	2	False
occurred	occured	7	False	1	False
occurred	ocurred	7	False	1	False
occurrence	occurance	9	False	2	False
occurrence	occurence	9	False	1	False
occurrence	occurrance	10	False	1	False
occurrence	ocurrance	9	False	2	False
occurrence	ocurrence	9	False	1	False
occurrences	occurances	10	False	2	False
occurrences	occurences	10	False	1	False
occurrences	occurrances	11	False	1	False
occurring	occuring	8	False	1	False
octahedral	octohedral	10	False	1	False
octahedron	octohedron	10	False	1	False
official	offical	7	False	1	False
officially	offically	9	False	1	False
officially	officaly	8	False	2	False
officially	officialy	9	False	1	False
ogling	oging	5	False	1	False
omission	omision	7	False	1	False
omission	ommision	8	False	2	False
omitted	omited	6	False	1	False
omitted	ommited	7	False	2	False
omitted	ommitted	8	False	1	False
omitting	omiting	7	False	1	False
omitting	ommiting	8	False	2	False
omitting	ommitting	9	False	1	False
omnivorous	omniverous	10	False	1	False
omnivorously	omniverously	12	False	1	False
one	noone	5	False	2	False
only	lonly	5	False	1	False
only	onyl	4	False	2	False
ophthalmic	opthalmic	9	False	1	False
ophthalmologist	opthalmologist	14	False	1	False
ophthalmologist	opthamologist	13	False	2	False
ophthalmology	opthalmology	12	False	1	False
opinion	oppinion	8	False	1	False
opponent	oponent	7	False	1	False
opportunity	oportunity	10	False	1	False
opposite	oposite	7	False	1	False
opposition	oposition	9	False	1	False
oppression	opression	9	False	1	False
oppressive	opressive	9	False	1	False
optimism	optomism	8	False	1	False
orally	erally	6	False	1	False
organ	orgin	5	False	1	False
organism	organim	7	False	1	False
origin	orgin	5	False	1	False
original	orginal	7	False	1	False
original	origional	9	False	1	False
originally	originaly	9	False	1	False
originally	originnally	11	False	1	False
originally	orignally	9	False	1	False
other	otehr	5	False	2	False
overshadowed	overshaddowed	13	False	1	False
overwhelming	overwelming	11	False	1	False
oxygen	oxigen	6	False	1	False
oxymoron	oximoron	8	False	1	False
paid	paide	5	False	1	False
paid	payed	5	False	2	True
palace	palce	5	False	1	False
pamphlet	pamplet	7	False	1	False
pantomime	pantomine	9	False	1	False
parakeets	parrakeets	10	False	1	False
parallel	paralel	7	False	1	False
parallel	paralell	8	False	2	False
parallel	parralel	8	False	2	False
parallel	parrallel	9	False	1	False
parallel	parrallell	10	False	2	False
paraphernalia	paraphenalia	12	False	1	False
parenthesis	paranthesis	11	False	1	False
parliamentarian	paliamentarian	14	False	1	False
particular	parituclar	10	False	3	False
particularly	particularily	13	False	1	False
passed	pased	5	False	1	False
pastime	pasttime	8	False	1	False
pastoral	pastural	8	False	1	False
patented	pattented	9	False	1	False
peculiar	peculure	8	False	3	False
pejorative	perjorative	11	False	1	False
penalty	penatly	7	False	2	False
peninsula	penninsula	10	False	1	False
peninsula	penninsular	11	False	2	False
peninsula	pennisula	9	False	2	False
peninsular	penninsular	11	False	1	False
people	peopel	6	False	2	False
perceived	percepted	9	False	2	False
perceived	percieved	9	False	2	False
performance	performence	11	False	1	False
performed	performes	9	False	1	False
performs	performes	9	False	1	False
perhaps	perhasp	7	False	2	False
perhaps	perheaps	8	False	1	False
perhaps	perhpas	7	False	2	False
perhaps	perphas	7	False	2	False
peripatetic	peripathetic	12	False	1	False
perjury	perjery	7	False	1	False
permanent	permenant	9	False	2	False
permissible	permissable	11	False	1	False
permission	premission	10	False	2	False
perpendicular	perpindicular	13	False	1	False
persistence	persistance	11	False	1	False
persistent	persistant	10	False	1	False
personal	personel	8	False	1	False
personnel	personel	8	False	1	False
personnel	personell	9	False	2	False
personnel	personnell	10	False	1	False
persuade	pursuade	8	False	1	False
persuaded	pursuaded	9	False	1	False
persuades	pursuades	9	False	1	False
persuading	pususading	10	False	3	False
perturbation	pertubation	11	False	1	False
perturbations	pertubations	12	False	1	False
petition	petetion	8	False	1	False
phenomena	phenonmena	10	False	1	False
phenomenal	phenomenonal	12	False	2	False
phenomenal	phenomenonly	12	False	3	False
phenomenally	phenomenonly	12	False	2	False
phenomenon	phenomonenon	12	False	2	False
pheromone	feromone	8	False	2	False
phial	fiel	4	False	3	False
phials	fiels	5	False	3	False
philosopher	philisopher	11	False	1	False
philosophical	philisophical	13	False	1	False
philosophy	philisophy	10	False	1	False
phonetic	fonetic	7	False	2	False
phonograph	phongraph	9	False	1	False
piece	peice	5	False	2	False
pilgrimage	pilgrimmage	11	False	1	False
pilgrimages	pilgrimmages	12	False	1	False
pineapple	pinapple	8	False	1	False
pineapple	pinnaple	8	False	2	False
pitch	pich	4	False	1	False
place	palce	5	False	2	False
plaintiff	plantiff	8	False	1	False
planned	planed	6	False	1	True
playwright	playwrite	9	False	3	False
playwrights	playwrites	10	False	3	False
pleasant	plesant	7	False	1	False
poem	peom	4	False	2	False
poems	peoms	5	False	2	False
poetry	peotry	6	False	2	False
pogrom	progrom	7	False	1	False
pogroms	progroms	8	False	1	False
poison	poisin	6	False	1	False
pollinator	polinator	9	False	1	False
pollute	polute	6	False	1	False
polluted	poluted	7	False	1	False
pollutes	polutes	7	False	1	False
polluting	poluting	8	False	1	False
pollution	polution	8	False	1	False
pomegranate	pomegranite	11	False	1	False
popularity	popularaty	10	False	1	False
portrayed	protrayed	9	False	2	False
position	positon	7	False	1	False
position	possition	9	False	1	False
position	postion	7	False	1	False
positron	positon	7	False	1	False
possess	posess	6	False	1	False
possessed	posessed	8	False	1	False
possesses	posesses	8	False	1	False
possesses	posseses	8	False	1	False
possessing	posessing	9	False	1	False
possessing	possesing	9	False	1	False
possession	posession	9	False	1	False
possession	possesion	9	False	1	False
possibility	possibilty	10	False	1	False
possible	possable	8	False	1	False
possibly	possably	8	False	1	False
power	pwoer	5	False	2	False
powerful	powerfull	9	False	1	False
practical	practial	8	False	1	False
practically	practially	10	False	1	False
practically	practicaly	10	False	1	False
practically	practicly	9	False	2	False
practitioner	practicioner	12	False	1	False
practitioners	practicioners	13	False	1	False
prairie	prairy	6	False	2	False
preamble	preample	8	False	1	False
precede	preceed	7	False	2	False
preceded	preceeded	9	False	1	False
precedes	preceeds	8	False	2	False
preceding	preceeding	10	False	1	False
precursor	precurser	9	False	1	False
predecessor	precedessor	11	False	2	False
predominately	prominately	11	False	2	False
preferably	preferrably	11	False	1	False
preferred	prefered	8	False	1	False
preferring	prefering	9	False	1	False
pregnancies	pregancies	10	False	1	False
premiere	premeire	8	False	2	False
premiered	premeired	9	False	2	False
preparation	prepartion	10	False	1	False
prepare	prepair	7	False	2	False
prerogative	perogative	10	False	1	False
presence	presense	8	False	1	False
presidential	presidental	11	False	1	False
prestigious	prestigeous	11	False	1	False
prestigious	prestigous	10	False	1	False
presumably	presumibly	10	False	1	False
prevalent	prevelant	9	False	2	False
previous	previvous	9	False	1	False
primitive	primative	9	False	1	False
primitively	primatively	11	False	1	False
primitives	primatives	10	False	1	False
primordial	primordal	9	False	1	False
principal	pricipal	8	False	1	False
principle	priciple	8	False	1	False
privilege	privelege	9	False	1	False
privilege	privelige	9	False	2	False
privilege	privilage	9	False	1	False
privilege	priviledge	10	False	1	False
privilege	privledge	9	False	2	False
privileged	priveleged	10	False	1	False
privileged	priveliged	10	False	2	False
privileges	priveledges	11	False	2	False
privileges	priveleges	10	False	1	False
privileges	priveliges	10	False	2	False
privileges	priviledges	11	False	1	False
pro tem	protem	6	True	1	False
probability	probalibity	11	False	2	False
probably	probablly	9	False	1	False
probably	probaly	7	False	1	False
problem	probelm	7	False	2	False
procedure	procedger	9	False	3	False
procedure	proceedure	10	False	1	False
proceed	procede	7	False	2	False
proceeded	proceded	8	False	1	False
proceeding	proceding	9	False	1	False
proceedings	procedings	10	False	1	False
process	proccess	8	False	1	False
processing	proccessing	11	False	1	False
proclaimed	proclamed	9	False	1	False
proclaiming	proclaming	10	False	1	False
proclamation	proclomation	12	False	1	False
profession	profesion	9	False	1	False
profession	proffesion	10	False	2	False
professor	profesor	8	False	1	False
professor	proffesor	9	False	2	False
profusion	profesion	9	False	1	False
program	progrom	7	False	1	False
programmable	programable	11	False	1	False
programs	progroms	8	False	1	False
prohibition	prohabition	11	False	1	False
prolegomena	prologomena	11	False	1	False
prolific	profilic	8	False	2	False
prominence	prominance	10	False	1	False
prominent	prominant	9	False	1	False
prominently	prominantly	11	False	1	False
prominently	prominately	11	False	3	False
promiscuous	promiscous	10	False	1	False
pronominal	pronomial	9	False	1	False
pronunciation	pronounciation	14	False	1	False
propaganda	propoganda	10	False	1	False
propagate	propogate	9	False	1	False
propagates	propogates	10	False	1	False
propeller	propellor	9	False	1	False
propellers	propellors	10	False	1	False
proper	propper	7	False	1	False
prophecy	prophacy	8	False	1	False
proportions	propotions	10	False	1	False
proprietary	propietary	10	False	1	False
proprietary	proprietory	11	False	1	False
proselytizing	proseletyzing	13	False	2	False
protagonist	protaganist	11	False	1	False
protagonists	protaganists	12	False	1	False
protein	protem	6	False	2	False
protuberance	protruberance	13	False	1	False
provided	provded	7	False	1	False
pseudonym	pseudonyn	9	False	1	False
pseudonymous	pseudononymous	14	False	2	False
psychic	psyhic	6	False	1	False
psychic	pyscic	6	False	3	False
psychology	psycology	9	False	1	False
publicly	publically	10	False	2	False
pumpkin	pumkin	6	False	1	False
purpose	perphas	7	False	4	False
purposely	purposedly	10	False	1	False
pursue	persue	6	False	1	False
pursuing	persuing	8	False	1	False
pursuit	persuit	7	False	1	False
putting	puting	6	False	1	False
quantity	quantaty	8	False	1	False
quantity	quantitiy	9	False	1	False
quarantine	quarantaine	11	False	1	False
quickly	quicklyu	8	False	1	False
quiet	qtuie	5	False	2	False
quiet	qutie	5	False	2	False
quite	qtuie	5	False	2	False
quite	qutie	5	False	2	False
quizzes	quizes	6	False	1	False
rabbinical	rabinnical	10	False	2	False
rarefied	rarified	8	False	1	False
ratify	radify	6	False	1	False
real	rela	4	False	2	False
realised	relized	7	False	2	False
realized	relized	7	False	1	False
really	erally	6	False	2	False
really	raelly	6	False	2	False
really	realy	5	False	1	False
really	realyl	6	False	2	False
really	relaly	6	False	2	False
recall	reacll	6	False	2	False
receded	receeded	8	False	1	False
receding	receeding	9	False	1	False
receipt	reciept	7	False	2	False
receive	recieve	7	False	2	False
received	recieved	8	False	2	False
receiver	reciever	8	False	2	False
receivers	recievers	9	False	2	False
receives	recieves	8	False	2	False
receiving	recieving	9	False	2	False
recipient	recepient	9	False	1	False
recipient	recipiant	9	False	1	False
recipients	recepients	10	False	1	False
recipients	recipiants	10	False	1	False
recognize	recogize	8	False	1	False
recommend	reccomend	9	False	2	False
recommend	reccommend	10	False	1	False
recommend	recomend	8	False	1	False
recommended	reccomended	11	False	2	False
recommended	reccommended	12	False	1	False
recommended	recomended	10	False	1	False
recommending	reccomending	12	False	2	False
recommending	reccommending	13	False	1	False
recommending	recomending	11	False	1	False
recommends	recomends	9	False	1	False
reconciliation	reconcilation	13	False	1	False
reconnaissance	reconaissance	13	False	1	False
reconnaissance	reconnaissence	14	False	1	False
record	recrod	6	False	2	False
recreational	recrational	11	False	1	False
recurring	reccuring	9	False	2	False
reevaluated	revaluated	10	False	1	False
reference	referrence	10	False	1	False
reference	refference	10	False	1	False
referral	referal	7	False	1	False
referred	refered	7	False	1	False
referred	reffered	8	False	2	False
referring	refering	8	False	1	False
refers	referrs	7	False	1	False
refrigerator	refridgerator	13	False	1	False
refusal	refusla	7	False	2	False
regardless	irregardless	12	False	2	True
regular	regluar	7	False	2	False
regularly	reguarly	8	False	1	False
regularly	regularily	10	False	1	False
rehearsal	rehersal	8	False	1	False
relationship	relatiopnship	13	False	1	False
relatively	relativly	9	False	1	False
relevance	relevence	9	False	1	False
relevant	relevent	8	False	1	False
relieve	releive	7	False	2	False
relieved	releived	8	False	2	False
religious	religeous	9	False	1	False
religious	religous	8	False	1	False
remember	remeber	7	False	1	False
remembrance	rememberance	12	False	1	False
remembrance	remembrence	11	False	1	False
reminiscent	reminescent	11	False	1	False
remnant	reminent	8	False	2	False
renown	reknown	7	False	1	False
renowned	reknowned	9	False	1	False
repartition	repatition	10	False	1	False
repentance	repentence	10	False	1	False
repentant	repentent	9	False	1	False
repetition	repatition	10	False	1	False
repetition	repetion	8	False	2	False
representative	representive	12	False	2	False
representatives	representives	13	False	2	False
required	recquired	9	False	1	False
resemblance	resemblence	11	False	1	False
resemblance	ressemblance	12	False	1	False
resemblance	ressemblence	12	False	2	False
resemble	ressemble	9	False	1	False
resembled	ressembled	10	False	1	False
resembling	ressembling	11	False	1	False
reside	recide	6	False	1	False
resided	recided	7	False	1	False
resident	recident	8	False	1	False
residents	recidents	9	False	1	False
residing	reciding	8	False	1	False
resistance	resistence	10	False	1	False
resistant	resistent	9	False	1	False
resistible	resistable	10	False	1	False
response	reponse	7	False	1	False
response	responce	8	False	1	False
responsibility	responnsibilty	14	False	2	False
responsible	reponsible	10	False	1	False
restaurant	restaraunt	10	False	2	False
restaurant	resteraunt	10	False	3	False
restaurant	restraunt	9	False	3	False
restaurants	restaraunts	11	False	2	False
restaurants	resteraunts	11	False	3	False
restoration	restauration	12	False	2	False
restraint	restraunt	9	False	1	False
resurrecting	resurecting	11	False	1	False
resurrection	ressurection	12	False	2	False
retaliated	retalitated	11	False	1	False
retaliation	retalitation	12	False	1	False
reversible	reversable	10	False	1	False
revolutionary	revolutionar	12	False	1	False
rewrite	rewriet	7	False	2	False
rhyme	rhymme	6	False	1	False
rhythm	rhythem	7	False	1	False
rhythm	rhythim	7	False	1	False
rhythm	rythem	6	False	2	False
rhythm	rythim	6	False	2	False
rhythm	rythm	5	False	1	False
ridiculous	rediculous	10	False	1	False
rigor	rigeur	6	False	2	False
rigorous	rigourous	9	False	1	False
rigour	rigeur	6	False	1	False
ringing	rininging	9	False	2	False
rococo	rococco	7	False	1	False
room-mate	roomate	7	True	2	False
roommate	roomate	7	False	1	False
roughly	rougly	6	False	1	False
rule	rulle	5	False	1	False
sacrifice	sacrafice	9	False	1	False
safety	saftey	6	False	2	False
salary	salery	6	False	1	False
same	smae	4	False	2	False
sandwich	sandwhich	9	False	1	False
sassy	sasy	4	False	1	False
satellite	satelite	8	False	1	False
satellite	sattelite	9	False	2	False
satellites	satelites	9	False	1	False
satellites	sattelites	10	False	2	False
satyr	sotyr	5	False	1	False
says	sasy	4	False	2	False
says	syas	4	False	2	False
scalable	scaleable	9	False	1	False
schedule	schedual	8	False	2	False
scholarly	scholarstic	11	False	4	False
scholastic	scholarstic	11	False	1	False
sclera	clera	5	False	1	False
script	scirpt	6	False	2	False
script	scripot	7	False	1	False
scroll	scoll	5	False	1	False
secede	seceed	6	False	2	False
seceded	secceeded	9	False	2	False
seceded	seceeded	8	False	1	False
secretary	secratary	9	False	1	False
secretary	secretery	9	False	1	False
seize	sieze	5	False	2	False
seized	siezed	6	False	2	False
seizing	siezing	7	False	2	False
seizure	siezure	7	False	2	False
seizures	siezures	8	False	2	False
sense	sence	5	False	1	False
separate	seperate	8	False	1	False
separated	seperated	9	False	1	False
separately	seperately	10	False	1	False
separates	seperates	9	False	1	False
separating	seperating	10	False	1	False
separation	seperation	10	False	1	False
sepulcher	sepulchure	10	False	2	False
sepulcher	sepulcre	8	False	2	False
sepulchre	sepulchure	10	False	1	False
sepulchre	sepulcre	8	False	1	False
sergeant	sargant	7	False	2	False
serval	cervial	7	False	2	False
servile	cervial	7	False	3	False
several	severeal	8	False	1	False
severely	severley	8	False	2	False
shadow	shaddow	7	False	1	False
sheath	sheat	5	False	1	False
sheet	sheat	5	False	1	False
sheriff	sherif	6	False	1	False
shining	shineing	8	False	1	False
should	shoudl	6	False	2	False
should	shoudln	7	False	2	False
should	sould	5	False	1	False
shouldn't	shoudln	7	False	4	False
shouldn't	shouldnt	8	False	1	False
show	sohw	4	False	2	False
sidereal	sedereal	8	False	1	False
sidereal	sideral	7	False	1	False
siege	seige	5	False	2	False
signatories	signitories	11	False	1	False
signatory	signitory	9	False	1	False
significantly	signifantly	11	False	2	False
significantly	significently	13	False	1	False
similar	similiar	8	False	1	False
similar	simmilar	8	False	1	False
similarity	similiarity	11	False	1	False
similarly	similarily	10	False	1	False
simpler	simplier	8	False	1	False
simply	simpley	7	False	1	False
simultaneous	simultanous	11	False	1	False
since	sicne	5	False	2	False
since	sinse	5	False	1	False
sincerely	sincerley	9	False	2	False
sines	sinse	5	False	2	False
singsong	singsog	7	False	1	False
size	sieze	5	False	1	False
sized	siezed	6	False	1	False
sizing	siezing	7	False	1	False
sneeze	snese	5	False	2	False
sold	sould	5	False	1	False
soldiers	soliders	8	False	2	False
soliloquy	soliliquy	9	False	1	False
solitary	solatary	8	False	1	False
some	smoe	4	False	2	False
some	soem	4	False	2	False
sophisticated	sophicated	10	False	3	False
sophisticated	suphisticated	13	False	1	False
sophomore	sophmore	8	False	1	False
sound	soudn	5	False	2	False
sounds	soudns	6	False	2	False
soup	suop	4	False	2	False
south	sourth	6	False	1	False
southern	sourthern	9	False	1	False
souvenir	souvenier	9	False	1	False
souvenirs	souveniers	10	False	1	False
sovereign	soverign	8	False	1	False
sovereignty	sovereignity	12	False	1	False
sovereignty	soverignity	11	False	2	False
specialised	speciallized	12	False	2	False
specialized	speciallized	12	False	1	False
specific	specif	6	False	2	True
specify	specif	6	False	1	True
specimen	speciman	8	False	1	False
spectacular	spectauclar	11	False	2	False
speech	speach	6	False	1	False
spermatozoa	spermatozoan	12	False	1	False
spermatozoon	spermatozoan	12	False	1	False
sponsor	sponser	7	False	1	False
sponsored	sponzored	9	False	1	False
spontaneous	spontanous	10	False	1	False
spread	spreaded	8	False	2	False
start	strat	5	False	2	False
statement	statment	8	False	1	False
stop	stpo	4	False	2	False
stories	storeis	7	False	2	False
stories	storise	7	False	2	False
story	sotry	5	False	2	False
story	sotyr	5	False	3	False
story	stopry	6	False	1	False
story	stoyr	5	False	2	False
story	stroy	5	False	2	False
strand	strnad	6	False	2	False
strange	stange	6	False	1	False
strata	strat	5	False	1	False
strategic	startegic	9	False	2	False
strategies	startegies	10	False	2	False
strategies	stradegies	10	False	1	False
strategy	startegy	8	False	2	False
strategy	stradegy	8	False	1	False
strength	strenght	8	False	2	False
strengthen	strenghen	9	False	1	False
strengthen	strenghten	10	False	2	False
strengthened	strenghened	11	False	1	False
strengthened	strenghtened	12	False	2	False
strengthening	strenghening	12	False	1	False
strengthening	strenghtening	13	False	2	False
strenuous	strenous	8	False	1	False
strictest	strictist	9	False	1	False
stringent	stingent	8	False	1	False
striven	strived	7	False	1	False
strongest	stornegst	9	False	4	False
strove	strived	7	False	2	False
structure	stucture	8	False	1	False
structured	stuctured	9	False	1	False
stubbornness	stubborness	11	False	1	False
study	studdy	6	False	1	False
stylus	stilus	6	False	1	False
subpoena	sepina	6	False	4	False
subsidiary	subsidary	9	False	1	False
subsidiary	subsiduary	10	False	1	False
substance	substace	8	False	1	False
substantial	substatial	10	False	1	False
subterranean	subterranian	12	False	1	False
subtract	substract	9	False	1	False
subtracted	substracted	11	False	1	False
subtracting	substracting	12	False	1	False
subtraction	substraction	12	False	1	False
subtracts	substracts	10	False	1	False
succeed	seceed	6	False	2	False
succeed	suceed	6	False	1	False
succeeded	secceeded	9	False	1	False
succeeded	seceeded	8	False	2	False
succeeded	suceeded	8	False	1	False
succeeding	suceeding	9	False	1	False
succeeds	suceeds	7	False	1	False
success	sucess	6	False	1	False
successes	sucesses	8	False	1	False
successful	succesful	9	False	1	False
successful	successfull	11	False	1	False
successful	sucesful	8	False	2	False
successful	sucessfull	10	False	2	False
successfully	succesfully	11	False	1	False
successfully	succesfuly	10	False	2	False
successfully	sucesfully	10	False	2	False
successfully	sucesfuly	9	False	3	False
successfully	sucessfully	11	False	1	False
successfully	sucessfuly	10	False	2	False
succession	succesion	9	False	1	False
succession	sucesion	8	False	2	False
succession	sucession	9	False	1	False
successive	succesive	9	False	1	False
successive	sucessive	9	False	1	False
sufficient	sufficent	9	False	1	False
sufficiently	sufficently	11	False	1	False
suffrage	sufferage	9	False	1	False
summary	sumary	6	False	1	False
superintendent	superintendant	14	False	1	False
supersede	supercede	9	False	1	False
superseded	superceded	10	False	1	False
supplanted	surplanted	10	False	1	False
support	wupport	7	False	1	False
suppose	supose	6	False	1	False
supposed	suposed	7	False	1	False
supposedly	suposedly	9	False	1	False
supposes	suposes	7	False	1	False
supposing	suposing	8	False	1	False
suppress	supress	7	False	1	False
suppressed	supressed	9	False	1	False
suppressed	surpressed	10	False	1	False
suppresses	supresses	9	False	1	False
suppressing	supressing	10	False	1	False
surely	surley	6	False	2	False
surly	surley	6	False	1	False
surprise	suprise	7	False	1	False
surprise	suprize	7	False	2	False
surprise	surprize	8	False	1	False
surprised	suprised	8	False	1	False
surprised	suprized	8	False	2	False
surprised	surprized	9	False	1	False
surprising	suprising	9	False	1	False
surprising	suprizing	9	False	2	False
surprising	surprizing	10	False	1	False
surprisingly	suprisingly	11	False	1	False
surprisingly	suprizingly	11	False	2	False
surprisingly	surprizingly	12	False	1	False
surrendered	surrended	9	False	2	False
surreptitious	surrepetitious	14	False	1	False
surreptitious	surreptious	11	False	2	False
surreptitiously	surrepetitiously	16	False	1	False
surreptitiously	surreptiously	13	False	2	False
surround	suround	7	False	1	False
surrounded	surounded	9	False	1	False
surrounded	surrended	9	False	2	False
surrounding	surounding	10	False	1	False
surroundings	suroundings	11	False	1	False
surrounds	surounds	8	False	1	False
surveyor	surveyer	8	False	1	False
survivors	survivers	9	False	1	False
susceptible	suseptible	10	False	1	False
swear	swaer	5	False	2	False
swears	swaers	6	False	2	False
swimming	swiming	7	False	1	False
symmetric	symmetral	9	False	2	False
symmetrical	symetrical	10	False	1	False
symmetrically	symetrically	12	False	1	False
symmetrically	symmetricaly	12	False	1	False
symmetry	symetry	7	False	1	False
synonymous	synonomous	10	False	1	False
syphilis	syphyllis	9	False	2	False
syrup	syrap	5	False	1	False
take	tkae	4	False	2	False
takes	tkaes	5	False	2	False
taking	tkaing	6	False	2	False
talked	talekd	6	False	2	False
talking	tlaking	7	False	2	False
targeted	targetted	9	False	1	False
targeting	targetting	10	False	1	False
taste	tast	4	False	1	False
tattoos	tattooes	8	False	1	False
taught	teached	7	False	5	False
taxonomic	taxanomic	9	False	1	False
taxonomy	taxanomy	8	False	1	False
technician	techician	9	False	1	False
technicians	techicians	10	False	1	False
temperament	temperment	10	False	1	False
temperate	temparate	9	False	1	False
temperature	temperture	10	False	1	False
tendencies	tendancies	10	False	1	False
tendency	tendancy	8	False	1	False
tennis player	tennisplayer	12	True	1	False
tentacle	tenacle	7	False	1	False
tentacles	tenacles	8	False	1	False
terrestrial	terrestial	10	False	1	False
territories	terriories	10	False	1	False
territory	terriory	8	False	1	False
terrorist	territorist	11	False	2	False
than	tahn	4	False	2	False
than	thna	4	False	2	False
that	taht	4	False	2	False
that	tath	4	False	2	False
that	thgat	5	False	1	False
that	thta	4	False	2	False
that	tyhat	5	False	1	False
the	tghe	4	False	1	False
the	ther	4	False	1	False
the	thge	4	False	1	False
the	tje	3	False	1	False
the	tjhe	4	False	1	False
theater	theather	8	False	1	False
theatre	theather	8	False	2	False
their	ther	4	False	1	False
their	theri	5	False	2	False
their	thier	5	False	2	False
themselves	themselfs	9	False	2	False
then	thne	4	False	2	False
theologian	theologist	10	False	2	False
there	ther	4	False	1	False
these	theese	6	False	1	False
they	tehy	4	False	2	False
they	tyhe	4	False	2	False
thickening	thikning	8	False	2	False
thief	theif	5	False	2	False
thieves	theives	7	False	2	False
thing	thign	5	False	2	False
thing	thnig	5	False	2	False
things	thigns	6	False	2	False
things	thigsn	6	False	2	False
things	thnigs	6	False	2	False
think	thikn	5	False	2	False
think	thiunk	6	False	1	False
think	tihkn	5	False	3	False
thinking	thikning	8	False	2	False
thinks	thikns	6	False	2	False
third	thrid	5	False	2	False
this	thsi	4	False	2	False
this	tihs	4	False	2	False
thoroughly	throughly	9	False	1	False
those	ethose	6	False	1	False
those	thsoe	5	False	2	False
three	threee	6	False	1	False
threshold	threshhold	10	False	1	False
through	throught	8	False	1	False
through	thru	4	False	3	False
throughout	throught	8	False	2	False
time	tiem	4	False	2	False
time	timne	5	False	1	False
time	tiome	5	False	1	False
tobacco	tobbaco	7	False	2	False
today	todya	5	False	2	False
today's	todays	6	False	1	False
tolerance	tolerence	9	False	1	False
tomatoes	tomatos	7	False	1	False
tome	tiome	5	False	1	False
tomorrow	tommorow	8	False	2	False
tomorrow	tommorrow	9	False	1	False
tonight	tongiht	7	False	2	False
torch	tourch	6	False	1	False
tornadoes	tornados	8	False	1	False
toroidal	toriodal	8	False	2	False
touch	tourch	6	False	1	False
toward	towrad	6	False	2	False
town	twon	4	False	2	False
traditionally	traditionaly	12	False	1	False
traffic	trafic	6	False	1	False
trafficked	trafficed	9	False	1	False
transcendence	transcendance	13	False	1	False
transcendent	trancendent	11	False	1	False
transcendent	transcendant	12	False	1	False
transcendental	transcendentational	19	False	5	False
transcending	trancending	11	False	1	False
transcending	transending	11	False	1	False
transcribing	transcripting	13	False	2	False
transcription	transcripting	13	False	2	False
transferred	transfered	10	False	1	False
transferring	transfering	11	False	1	False
translator	translater	10	False	1	False
translators	translaters	11	False	1	False
transmissible	transmissable	13	False	1	False
tremolo	tremelo	7	False	1	False
trilogy	triology	8	False	1	False
troops	troups	6	False	1	False
troupes	troups	6	False	1	False
truly	truely	6	False	1	False
trunk	turnk	5	False	2	False
turnkey	turnk	5	False	2	False
tyranny	tyrany	6	False	1	False
tyranny	tyrrany	7	False	2	False
ubiquitous	ubiquitious	11	False	1	False
uncertainty	uncertainity	12	False	1	False
unconscious	unconcious	10	False	1	False
unconsciousness	unconciousness	14	False	1	False
unconventional	unconvential	12	False	2	False
undecidable	undecideable	12	False	1	False
unfortunately	unforetunately	14	False	1	False
unfortunately	unfortunatly	12	False	1	False
unilateral	unilatreal	10	False	2	False
unilaterally	unilatreally	12	False	2	False
universities	univeristies	12	False	2	False
universities	univesities	11	False	1	False
university	univeristy	10	False	2	False
university	univesity	9	False	1	False
unnecessarily	unneccesarily	13	False	2	False
unnecessarily	unneccessarily	14	False	1	False
unnecessarily	unnecesarily	12	False	1	False
unnecessary	unecessary	10	False	1	False
unnecessary	unneccessary	12	False	1	False
unnecessary	unnecesary	10	False	1	False
unpleasant	unplesant	9	False	1	False
unrepentant	unrepentent	11	False	1	False
unsaid	unsed	5	False	2	False
unsubstantiated	unsubstanciated	15	False	1	False
unsuccessful	unsuccessfull	13	False	1	False
unsuccessful	unsucesful	10	False	2	False
unsuccessful	unsucessfull	12	False	2	False
unsuccessfully	unsucesfuly	11	False	3	False
unsuccessfully	unsucessfully	13	False	1	False
unsurprised	unsuprised	10	False	1	False
unsurprised	unsuprized	10	False	2	False
unsurprised	unsurprized	11	False	1	False
unsurprising	unsuprising	11	False	1	False
unsurprising	unsuprizing	11	False	2	False
unsurprising	unsurprizing	12	False	1	False
until	untill	6	False	1	False
unusable	unuseable	9	False	1	False
unused	unsed	5	False	1	False
unwieldy	unweildly	9	False	3	False
unwieldy	unwieldly	9	False	1	False
upon	apon	4	False	1	False
usable	useable	7	False	1	False
usage	useage	6	False	1	False
use	uise	4	False	1	False
use	useage	6	False	3	False
used	unsed	5	False	1	False
useful	usefull	7	False	1	False
usefully	usefuly	7	False	1	False
using	useing	6	False	1	False
usually	usally	6	False	1	False
usually	usualy	6	False	1	False
vacuum	vaccum	6	False	1	False
vacuum	vaccume	7	False	2	False
vagina	agina	5	False	1	False
valuable	valuble	7	False	1	False
valuable	valueable	9	False	1	False
varieties	varities	8	False	1	False
variety	varity	6	False	1	False
vegetable	vegitable	9	False	1	False
vegetables	vegitables	10	False	1	False
vengeance	vengance	8	False	1	False
venomous	venemous	8	False	1	False
veranda	meranda	7	False	1	False
verification	verfication	11	False	1	False
very	veyr	4	False	2	False
very	vrey	4	False	2	False
very	vyer	4	False	2	False
very	vyre	4	False	2	False
vicinity	vacinity	8	False	1	False
vigor	vigeur	6	False	2	False
vigorous	vigourous	9	False	1	False
vigour	vigeur	6	False	1	False
vilify	villify	7	False	1	False
villain	villian	7	False	2	False
villain	villin	6	False	1	False
villein	villin	6	False	1	False
villi	villin	6	False	1	False
visible	visable	7	False	1	False
visibly	visably	7	False	1	False
visiting	visting	7	False	1	False
volcano	volcanoe	8	False	1	False
volcanoes	volcanos	8	False	1	False
voluntary	volontary	9	False	1	False
volunteer	volonteer	9	False	1	False
volunteer	volounteer	10	False	1	False
volunteered	volonteered	11	False	1	False
volunteered	volounteered	12	False	1	False
volunteering	volonteering	12	False	1	False
volunteering	volounteering	13	False	1	False
volunteers	volonteers	10	False	1	False
volunteers	volounteers	11	False	1	False
want	watn	4	False	2	False
want	wnat	4	False	2	False
want to	wanna	5	True	4	True
wanted	wnated	6	False	2	False
wants	wnats	5	False	2	False
warrant	warrent	7	False	1	False
was	wass	4	False	1	False
was	ws	2	False	1	False
wasn't	wasnt	5	False	1	False
weaponry	weaponary	9	False	1	False
wear	mear	4	False	1	False
weather	wether	6	False	1	False
weird	wierd	5	False	2	False
what	waht	4	False	2	False
what	whta	4	False	2	False
when	wehn	4	False	2	False
wherever	whereever	9	False	1	False
whether	wether	6	False	1	False
which	hwihc	5	False	4	False
which	whcih	5	False	2	False
which	whic	4	False	1	False
which	whihc	5	False	2	False
which	wich	4	False	1	False
while	hwile	5	False	2	False
whole	hwole	5	False	2	False
whole	wohle	5	False	2	False
wholly	wholy	5	False	1	False
wield	weild	5	False	2	False
wielded	weilded	7	False	2	False
wife	wief	4	False	2	False
wild	weild	5	False	1	False
will	iwll	4	False	2	False
will	wiull	5	False	1	False
wintry	wintery	7	False	1	False
witch	wich	4	False	1	False
with	iwth	4	False	2	False
with	wiht	4	False	2	False
with	witht	5	False	1	False
with	wtih	4	False	2	False
withdraw	withdrawl	9	False	1	False
withdrawal	withdrawl	9	False	1	False
within	withing	7	False	1	True
women's	womens	6	False	1	False
won't	wont	4	False	1	True
wont	wont	4	False	0	True
work	owrk	4	False	2	False
work	wokr	4	False	2	False
work	wrok	4	False	2	False
working	wokring	7	False	2	False
working	wroking	7	False	2	False
worsened	worstened	9	False	1	False
would	owudl	5	False	4	False
would	woudl	5	False	2	False
write	rwite	5	False	2	False
write	wriet	5	False	2	False
writing	wirting	7	False	2	False
written	writen	6	False	1	False
wrote	wroet	5	False	2	False
year	eyar	4	False	2	False
year	yera	4	False	2	False
years	eyars	5	False	2	False
years	eyasr	5	False	4	False
years	yeasr	5	False	2	False
years	yeras	5	False	2	False
years	yersa	5	False	2	False
